rule,thr,k,accuracy,precision,recall,f1,n_scenes
any,0.7,1,0.894576477757465,0.9060568603213844,0.9858776059179556,0.9442834138486312,1641
k_consecutive,0.7,5,0.7794028031687995,0.9194630872483222,0.8291862811028917,0.871994342291372,1641
