rule,thr,k,accuracy,precision,recall,f1,n_scenes
any,0.85,1,0.3817486860965122,0.7601078167115903,0.18964357767316745,0.30355220667384286,2093
k_consecutive,0.85,5,0.2981366459627329,0.78125,0.016812373907195696,0.032916392363396975,2093
