rule,thr,k,accuracy,precision,recall,f1,n_scenes
any,0.7,1,0.894576477757465,0.9060568603213844,0.9858776059179556,0.9442834138486312,1641
k_consecutive,0.7,2,0.8805606337599025,0.9057196731615337,0.9690652320107599,0.9363222871994802,1641
