fold,risk_accuracy,risk_macro_f1,ego_accuracy,ego_macro_f1,n_frames_eval,n_scenes_test
1,0.47043222003929275,0.404919193645179,0.6756756756756757,0.6708063021316033,10180,296
2,0.4915121185359631,0.41636664021517183,0.6722972972972973,0.6709414933241649,10191,296
3,0.4952565343659245,0.41257844157343343,0.6756756756756757,0.6690117877277175,10330,296
4,0.4792529122942139,0.40673278956690573,0.6925675675675675,0.6865537906557282,10387,296
5,0.49518896934827894,0.41774637155954064,0.6711864406779661,0.6696681096681096,10081,295
